date,open,high,low,close,volume,close_time,asset_volume,trade_number,taker_buy_base,taker_buy_quote
2020-09-23 07:00:00,44.76000000,44.86000000,44.60000000,44.64000000,14817.46331000,1600862399999,662659.12744580,1467,5384.72174000,240858.19124640
2020-09-23 08:00:00,44.63000000,45.14000000,44.55000000,44.95000000,18531.12556000,1600865999999,831696.33205810,1688,11030.13876000,495149.14606370
2020-09-23 09:00:00,44.94000000,45.01000000,44.70000000,44.70000000,26407.33483000,1600869599999,1185537.01889330,2142,13246.80570000,594754.38531320
2020-09-23 10:00:00,44.72000000,44.79000000,44.37000000,44.39000000,13751.19753000,1600873199999,612303.88917950,1356,5477.92882000,243897.21858830
2020-09-23 11:00:00,44.40000000,44.51000000,44.30000000,44.40000000,8873.23576000,1600876799999,394107.43890640,999,4426.60752000,196617.39199880
2020-09-23 12:00:00,44.40000000,44.63000000,44.34000000,44.51000000,8404.26345000,1600880399999,373947.92535710,853,3864.04481000,171948.29272210
2020-09-23 13:00:00,44.51000000,44.59000000,44.30000000,44.31000000,11200.31433000,1600883999999,497955.33221420,920,5589.76547000,248503.77102070
2020-09-23 14:00:00,44.31000000,44.31000000,43.91000000,43.93000000,11882.84738000,1600887599999,523864.71910030,1230,4955.39743000,218528.91219780
2020-09-23 15:00:00,43.92000000,44.02000000,42.80000000,43.32000000,48798.83517000,1600891199999,2113847.69090660,5308,22781.48883000,986746.47231650
2020-09-23 16:00:00,43.31000000,43.47000000,42.25000000,43.03000000,52736.00257000,1600894799999,2259910.53781780,5719,29038.34380000,1244627.32283060
2020-09-23 17:00:00,43.02000000,43.41000000,42.92000000,43.30000000,27284.12579000,1600898399999,1178284.22967300,3069,13105.93871000,566123.56552560
2020-09-23 18:00:00,43.29000000,43.35000000,42.91000000,43.23000000,11576.63023000,1600901999999,499235.31340260,1390,5928.19210000,255664.76276580
2020-09-23 19:00:00,43.22000000,43.22000000,42.81000000,42.96000000,12016.76995000,1600905599999,516689.94607610,1134,5540.95836000,238232.72422690
2020-09-23 20:00:00,42.99000000,43.61000000,42.56000000,43.58000000,31001.44046000,1600909199999,1340204.52231620,2722,14221.67054000,614565.90372500
2020-09-23 21:00:00,43.56000000,43.64000000,43.38000000,43.49000000,12271.94319000,1600912799999,534184.05064500,1095,6936.42857000,301936.64874090
2020-09-23 22:00:00,43.47000000,43.72000000,43.42000000,43.55000000,14303.01544000,1600916399999,623163.57091860,1723,7178.27737000,312771.56509340
2020-09-23 23:00:00,43.56000000,43.73000000,43.49000000,43.53000000,14755.44841000,1600919999999,643260.21969660,1216,5609.95128000,244551.26812570
2020-09-24 00:00:00,43.53000000,43.69000000,43.34000000,43.36000000,21575.15465000,1600923599999,938041.78969230,1721,8667.89104000,376910.42871760
2020-09-24 01:00:00,43.35000000,43.54000000,43.35000000,43.42000000,11662.08747000,1600927199999,506574.98906920,882,6422.02135000,278926.34628360
2020-09-24 02:00:00,43.41000000,43.76000000,43.41000000,43.56000000,11384.68264000,1600930799999,496678.83007480,1164,6231.47309000,271802.58485560
2020-09-24 03:00:00,43.54000000,44.00000000,43.54000000,43.88000000,10290.48338000,1600934399999,450555.57587910,1121,5644.78136000,247122.62265560
2020-09-24 04:00:00,43.89000000,43.99000000,43.45000000,43.50000000,13195.24650000,1600937999999,576669.31931530,1402,6657.03997000,291109.87777100
2020-09-24 05:00:00,43.50000000,43.70000000,43.37000000,43.63000000,8167.03861000,1600941599999,355203.83997360,814,3756.38350000,163358.59833440
2020-09-24 06:00:00,43.64000000,44.07000000,43.55000000,44.00000000,16023.66959000,1600945199999,700636.35550240,1384,8879.18042000,388322.42530520
2020-09-24 07:00:00,43.99000000,44.55000000,43.97000000,44.14000000,27114.67657000,1600948799999,1200062.03829930,2973,14546.51398000,643750.36079530
2020-09-24 08:00:00,44.14000000,44.27000000,43.82000000,43.94000000,17046.33809000,1600952399999,750355.16756770,1677,10122.16249000,445595.62701110
2020-09-24 09:00:00,43.92000000,44.02000000,43.70000000,43.93000000,11659.27417000,1600955999999,511603.59190420,1158,5790.79414000,254056.77087540
2020-09-24 10:00:00,43.95000000,44.10000000,43.88000000,44.04000000,9829.64000000,1600959599999,432401.58271650,1028,5162.15877000,227097.25104050
2020-09-24 11:00:00,44.05000000,44.80000000,43.99000000,44.71000000,23461.13050000,1600963199999,1043595.82270650,2551,12654.08248000,562898.41172460
2020-09-24 12:00:00,44.70000000,45.29000000,44.70000000,44.97000000,41280.03547000,1600966799999,1856636.85357530,4082,22462.41719000,1010579.76228500
2020-09-24 13:00:00,44.98000000,45.02000000,44.78000000,44.78000000,10638.55128000,1600970399999,477487.70403440,1277,5119.81673000,229859.16584560
2020-09-24 14:00:00,44.80000000,44.97000000,44.68000000,44.69000000,13591.03401000,1600973999999,608768.71422420,1443,4742.21620000,212440.36997310
2020-09-24 15:00:00,44.71000000,44.91000000,44.60000000,44.91000000,11528.35086000,1600977599999,516090.22264140,1005,5270.18436000,235972.73288970
2020-09-24 16:00:00,44.90000000,45.16000000,44.84000000,44.99000000,17063.67892000,1600981199999,768405.39985050,1417,8264.41498000,372228.03533880
2020-09-24 17:00:00,45.00000000,45.19000000,44.69000000,44.70000000,14854.60974000,1600984799999,667540.59136300,1122,7761.63222000,348812.68296680
2020-09-24 18:00:00,44.72000000,45.10000000,44.62000000,45.01000000,15810.39584000,1600988399999,709508.27048480,1900,8385.52534000,376288.17832670
2020-09-24 19:00:00,45.01000000,45.04000000,44.83000000,44.92000000,7414.12349000,1600991999999,332946.22073960,683,3679.32323000,165227.49021690
2020-09-24 20:00:00,44.92000000,44.99000000,44.66000000,44.69000000,11106.38830000,1600995599999,498096.57820480,892,7059.81493000,316616.99005980
2020-09-24 21:00:00,44.68000000,44.76000000,44.53000000,44.55000000,7222.64168000,1600999199999,322514.30917630,730,3352.51354000,149700.97871280
2020-09-24 22:00:00,44.54000000,44.74000000,44.48000000,44.70000000,10420.83776000,1601002799999,464908.13256670,785,5589.58852000,249381.38778470
2020-09-24 23:00:00,44.70000000,44.78000000,44.42000000,44.48000000,6492.79336000,1601006399999,290023.72422200,641,2949.90779000,131758.65545860
2020-09-25 00:00:00,44.45000000,44.58000000,44.38000000,44.51000000,8747.62583000,1601009999999,389336.68104590,719,3381.34613000,150547.37415950
2020-09-25 01:00:00,44.49000000,44.52000000,44.21000000,44.24000000,8011.69453000,1601013599999,355693.48933100,843,3083.18913000,136897.15837220
2020-09-25 02:00:00,44.25000000,44.53000000,44.16000000,44.49000000,9943.58327000,1601017199999,440625.74343940,928,5795.85741000,256904.57267040
2020-09-25 03:00:00,44.48000000,44.73000000,44.46000000,44.69000000,10635.72766000,1601020799999,474626.37020810,979,6519.21705000,291008.08776860
2020-09-25 04:00:00,44.67000000,44.68000000,43.97000000,44.11000000,24874.15887000,1601024399999,1100978.34679510,2201,10222.73385000,452720.69968760
2020-09-25 05:00:00,44.10000000,44.32000000,44.04000000,44.22000000,13058.72927000,1601027999999,576963.14425960,1291,6251.22232000,276152.65429250
2020-09-25 06:00:00,44.22000000,44.58000000,44.18000000,44.51000000,10400.26525000,1601031599999,462316.78872510,1027,5670.38551000,252101.51979010
2020-09-25 07:00:00,44.51000000,46.52000000,44.44000000,46.13000000,100663.32024000,1601035199999,4607297.44304190,10250,57704.07463000,2639965.82808490
2020-09-25 08:00:00,46.11000000,46.58000000,45.67000000,45.78000000,31418.42228000,1601038799999,1448491.99019940,2927,14940.19738000,688702.40266380
2020-09-25 09:00:00,45.78000000,45.97000000,45.54000000,45.72000000,17561.22224000,1601042399999,803946.34470560,1649,8070.08298000,369472.50573250
2020-09-25 10:00:00,45.72000000,45.91000000,45.48000000,45.86000000,18348.61629000,1601045999999,839311.09466980,1780,8641.54114000,395323.95118150
2020-09-25 11:00:00,45.88000000,46.20000000,45.88000000,46.10000000,25529.73256000,1601049599999,1176157.73977710,2277,12475.88858000,574800.85119810
2020-09-25 12:00:00,46.10000000,46.27000000,45.70000000,45.88000000,19830.63335000,1601053199999,910987.28196400,2103,9553.50489000,438941.20196780
2020-09-25 13:00:00,45.88000000,46.24000000,45.79000000,46.15000000,17177.57565000,1601056799999,790652.23344540,1381,10022.17436000,461367.39363870
2020-09-25 14:00:00,46.16000000,46.46000000,46.15000000,46.23000000,18106.10400000,1601060399999,837665.16166520,1805,8543.97392000,395323.45513450
2020-09-25 15:00:00,46.24000000,46.31000000,46.11000000,46.29000000,10620.24120000,1601063999999,491023.20259790,1019,5147.42581000,237980.59226000
2020-09-25 16:00:00,46.30000000,46.40000000,46.01000000,46.07000000,14304.05109000,1601067599999,661433.40384610,1285,6976.40235000,322666.08874510
2020-09-25 17:00:00,46.09000000,46.29000000,46.02000000,46.29000000,5023.53729000,1601071199999,231801.74704590,602,2762.65362000,127448.27246410
2020-09-25 18:00:00,46.28000000,46.35000000,45.89000000,45.98000000,10342.50803000,1601074799999,476894.22382560,1147,4830.62035000,222738.32034830
2020-09-25 19:00:00,46.00000000,46.07000000,45.83000000,46.02000000,7185.92099000,1601078399999,330152.26872770,752,2990.59969000,137389.99914920
2020-09-25 20:00:00,46.01000000,46.41000000,45.89000000,45.91000000,12549.26262000,1601081999999,579193.75517900,1245,6625.37641000,305745.80214640
2020-09-25 21:00:00,45.90000000,46.14000000,45.82000000,46.04000000,6698.38121000,1601085599999,308073.68217800,687,4345.80099000,199866.67329280
2020-09-25 22:00:00,46.06000000,46.06000000,45.77000000,46.03000000,6636.13929000,1601089199999,304745.74597220,746,3051.61442000,140123.62099680
2020-09-25 23:00:00,46.03000000,46.18000000,45.94000000,45.96000000,7475.25014000,1601092799999,344410.94126400,742,3739.92588000,172349.66069020
2020-09-26 00:00:00,45.96000000,45.99000000,45.76000000,45.99000000,9041.24100000,1601096399999,414646.51069360,940,4577.34195000,209901.12025580
2020-09-26 01:00:00,46.00000000,46.33000000,45.87000000,45.89000000,13220.55914000,1601099999999,608592.71728300,1615,6594.20272000,303663.14055900
2020-09-26 02:00:00,45.87000000,46.15000000,45.80000000,45.87000000,9107.24868000,1601103599999,418652.91158580,906,4464.66039000,205224.74388570
2020-09-26 03:00:00,45.87000000,45.91000000,45.41000000,45.47000000,13109.45432000,1601107199999,597981.03831330,1453,6212.54691000,283483.05019730
2020-09-26 04:00:00,45.46000000,45.60000000,45.36000000,45.52000000,8370.97239000,1601110799999,380916.53723910,779,3695.14128000,168150.99830180
2020-09-26 05:00:00,45.53000000,45.81000000,45.46000000,45.70000000,8227.22481000,1601114399999,375487.64665650,815,4059.44659000,185240.56154190
2020-09-26 06:00:00,45.70000000,45.78000000,45.35000000,45.70000000,11538.43880000,1601117999999,526063.98074380,996,5315.37879000,242575.98807650
2020-09-26 07:00:00,45.69000000,45.80000000,45.64000000,45.74000000,6839.90943000,1601121599999,312692.51137810,648,2808.22544000,128390.79741440
2020-09-26 08:00:00,45.74000000,45.74000000,45.40000000,45.52000000,7259.35306000,1601125199999,330429.99267550,735,3471.97365000,158036.56747480
2020-09-26 09:00:00,45.51000000,45.65000000,45.24000000,45.24000000,8436.89949000,1601128799999,383606.27119400,893,4113.47356000,187098.69192640
2020-09-26 10:00:00,45.24000000,45.93000000,45.12000000,45.69000000,12649.20337000,1601132399999,576895.66649270,1600,5885.61151000,268518.16604380
2020-09-26 11:00:00,45.70000000,46.11000000,45.69000000,45.81000000,14402.96373000,1601135999999,661546.82947830,1122,5785.39189000,265435.52882210
2020-09-26 12:00:00,45.83000000,46.50000000,45.64000000,46.40000000,27935.09986000,1601139599999,1289786.63553420,2700,13983.14250000,645680.52773520
2020-09-26 13:00:00,46.40000000,46.56000000,46.20000000,46.25000000,11589.92172000,1601143199999,537226.69588330,1204,6642.89357000,308005.96520720
2020-09-26 14:00:00,46.25000000,46.40000000,45.99000000,46.09000000,12008.32242000,1601146799999,553951.77872930,1112,5824.97300000,268660.85711180
2020-09-26 15:00:00,46.11000000,46.11000000,45.96000000,46.09000000,5690.61487000,1601150399999,261949.65061030,615,2862.66835000,131771.39575800
2020-09-26 16:00:00,46.09000000,46.10000000,45.95000000,46.09000000,8558.84989000,1601153999999,393999.90092150,668,4070.24569000,187373.88754520
2020-09-26 17:00:00,46.07000000,46.25000000,45.94000000,45.94000000,8520.71623000,1601157599999,392998.94325430,817,4696.90996000,216657.25009940
2020-09-26 18:00:00,45.94000000,46.08000000,45.80000000,45.98000000,5042.57843000,1601161199999,231579.84314130,593,2555.37817000,117353.78781200
2020-09-26 19:00:00,45.97000000,46.17000000,45.97000000,46.03000000,4919.76526000,1601164799999,226676.53514710,486,2663.79502000,122729.33754780
2020-09-26 20:00:00,46.01000000,46.62000000,45.97000000,46.38000000,19797.13983000,1601168399999,916954.56308120,1836,10696.00328000,495366.95805690
2020-09-26 21:00:00,46.39000000,46.56000000,46.20000000,46.25000000,11936.85773000,1601171999999,553859.07287200,1056,5311.13722000,246417.12463800
2020-09-26 22:00:00,46.29000000,46.31000000,46.13000000,46.25000000,10057.72452000,1601175599999,464915.36587670,827,5062.89251000,234035.65974500
2020-09-26 23:00:00,46.27000000,46.31000000,46.10000000,46.20000000,8718.35770000,1601179199999,402924.34307630,854,4003.70458000,185050.93191490
2020-09-27 00:00:00,46.20000000,46.27000000,46.07000000,46.13000000,5710.00711000,1601182799999,263699.48845720,576,3070.51836000,141798.93460030
2020-09-27 01:00:00,46.14000000,46.34000000,45.95000000,46.17000000,11932.19891000,1601186399999,550391.12611980,983,5044.43448000,232676.08706690
2020-09-27 02:00:00,46.19000000,46.19000000,45.40000000,45.49000000,22322.16604000,1601189999999,1021548.62492730,2203,11267.23818000,515631.52740360
2020-09-27 03:00:00,45.47000000,45.75000000,45.46000000,45.62000000,15144.73972000,1601193599999,690772.84215410,1049,9024.13098000,411714.67604300
2020-09-27 04:00:00,45.61000000,45.70000000,45.24000000,45.62000000,12890.96765000,1601197199999,586466.62024240,1342,6198.12077000,282011.42710950
2020-09-27 05:00:00,45.60000000,45.60000000,45.32000000,45.35000000,9132.26137000,1601200799999,415262.81907800,767,4285.83334000,194972.74109640
2020-09-27 06:00:00,45.32000000,45.70000000,45.13000000,45.50000000,24464.26683000,1601204399999,1113896.63859120,2015,12721.82555000,579421.01267960
2020-09-27 07:00:00,45.52000000,45.62000000,45.08000000,45.11000000,11245.64041000,1601207999999,510139.94822450,1211,5138.26727000,233228.27128850
2020-09-27 08:00:00,45.12000000,45.35000000,44.56000000,45.28000000,21567.39656000,1601211599999,970356.01591050,2375,8965.95528000,403580.54485350
2020-09-27 09:00:00,45.27000000,45.38000000,45.18000000,45.35000000,5820.84414000,1601215199999,263531.38546340,646,3451.24389000,156258.43117220
2020-09-27 10:00:00,45.34000000,45.40000000,45.17000000,45.25000000,4432.40616000,1601218799999,200688.96092220,523,2349.02576000,106334.21773690
2020-09-27 11:00:00,45.24000000,46.12000000,44.99000000,45.97000000,27595.48076000,1601222399999,1257651.35020550,2686,13755.38033000,627201.58646150
2020-09-27 12:00:00,46.00000000,46.28000000,45.72000000,45.95000000,30595.49868000,1601225999999,1408861.63046910,3066,16601.95084000,764476.21732970
2020-09-27 13:00:00,45.94000000,46.00000000,45.80000000,45.87000000,5396.75393000,1601229599999,247649.81994540,680,2388.24338000,109576.37609680
2020-09-27 14:00:00,45.86000000,45.97000000,45.73000000,45.81000000,7016.89412000,1601233199999,321833.80689250,651,3545.60667000,162667.59295040
2020-09-27 15:00:00,45.80000000,45.99000000,45.74000000,45.97000000,5719.20096000,1601236799999,262239.19235550,674,3131.83998000,143600.16523030
2020-09-27 16:00:00,45.97000000,45.97000000,45.84000000,45.90000000,5146.80651000,1601240399999,236322.39390220,494,2725.77611000,125169.71425030
2020-09-27 17:00:00,45.89000000,45.93000000,45.75000000,45.83000000,4590.27266000,1601243999999,210384.85688120,494,2513.43493000,115196.23676470
2020-09-27 18:00:00,45.84000000,46.10000000,45.84000000,45.90000000,6798.02133000,1601247599999,312561.22738450,662,3145.58445000,144598.57078890
2020-09-27 19:00:00,45.94000000,46.10000000,45.67000000,46.05000000,11789.73991000,1601251199999,540692.07983940,914,6674.35653000,306059.98503590
2020-09-27 20:00:00,46.05000000,46.68000000,46.03000000,46.37000000,47194.62092000,1601254799999,2188113.36848590,4270,25331.56698000,1174753.58679520
2020-09-27 21:00:00,46.39000000,47.12000000,46.26000000,46.85000000,59543.70028000,1601258399999,2784743.40565020,4380,29227.19659000,1366635.23690920
2020-09-27 22:00:00,46.85000000,46.94000000,46.66000000,46.69000000,23184.96317000,1601261999999,1084750.59132350,1647,9758.03435000,456545.80973260
2020-09-27 23:00:00,46.70000000,46.75000000,46.53000000,46.69000000,14591.65340000,1601265599999,680186.18255160,1165,6859.11976000,319740.23640480
2020-09-28 00:00:00,46.71000000,46.77000000,46.56000000,46.59000000,12165.25188000,1601269199999,567898.49261370,902,6219.73342000,290354.87422470
2020-09-28 01:00:00,46.58000000,46.66000000,46.33000000,46.39000000,16919.04532000,1601272799999,787118.77511520,1435,10078.69397000,468954.76400970
2020-09-28 02:00:00,46.39000000,46.48000000,46.16000000,46.35000000,19809.01166000,1601276399999,918550.90383850,1587,11416.28816000,529439.91069230
2020-09-28 03:00:00,46.35000000,46.42000000,46.01000000,46.23000000,22210.71085000,1601279999999,1026662.52450040,1808,10488.71434000,484993.35324030
2020-09-28 04:00:00,46.23000000,46.36000000,46.06000000,46.16000000,15197.18322000,1601283599999,702549.72123480,1256,7315.96047000,338226.99582710
2020-09-28 05:00:00,46.16000000,46.27000000,46.10000000,46.23000000,9346.91135000,1601287199999,431795.02021750,852,4542.98272000,209857.86515310
2020-09-28 06:00:00,46.23000000,46.50000000,46.15000000,46.33000000,20407.27264000,1601290799999,946103.52747100,1268,10062.88437000,466488.54921110
2020-09-28 07:00:00,46.33000000,46.56000000,46.27000000,46.35000000,17290.66340000,1601294399999,801844.62687340,1288,8818.34159000,408903.09926630
2020-09-28 08:00:00,46.34000000,47.14000000,46.27000000,46.75000000,41758.74861000,1601297999999,1949665.94505540,3792,22253.15084000,1039171.88553350
2020-09-28 09:00:00,46.78000000,46.84000000,46.46000000,46.49000000,16790.25147000,1601301599999,783393.80622260,1359,8265.62951000,385755.00741190
2020-09-28 10:00:00,46.50000000,46.67000000,46.36000000,46.36000000,10957.51123000,1601305199999,509690.90790210,875,5253.05590000,244340.52601560
2020-09-28 11:00:00,46.36000000,46.54000000,46.29000000,46.50000000,11159.61943000,1601308799999,518243.83940380,937,5724.27902000,265809.81872530
2020-09-28 12:00:00,46.51000000,46.72000000,46.39000000,46.53000000,20246.72614000,1601312399999,943074.04431540,1617,8772.79949000,408670.01238950
2020-09-28 13:00:00,46.55000000,46.66000000,46.30000000,46.47000000,12906.06795000,1601315999999,599714.24906550,1070,6827.61794000,317393.61813200
2020-09-28 14:00:00,46.46000000,46.47000000,46.19000000,46.28000000,10943.98958000,1601319599999,506451.34962000,1070,5086.83287000,235390.69207380
2020-09-28 15:00:00,46.28000000,46.29000000,46.07000000,46.24000000,12116.25826000,1601323199999,559555.68889240,960,6333.33342000,292532.56657190
2020-09-28 16:00:00,46.25000000,46.30000000,46.13000000,46.23000000,9660.62548000,1601326799999,446418.76239010,708,3803.36526000,175773.50670740
2020-09-28 17:00:00,46.25000000,46.32000000,46.02000000,46.28000000,10874.13332000,1601330399999,501988.79987360,868,6829.57719000,315289.31578260
2020-09-28 18:00:00,46.30000000,46.32000000,46.07000000,46.10000000,7174.44747000,1601333999999,331684.69635240,541,3547.51917000,164017.11830480
2020-09-28 19:00:00,46.10000000,46.16000000,44.80000000,45.23000000,57897.97356000,1601337599999,2631153.55387770,5645,24622.08865000,1118819.45837650
2020-09-28 20:00:00,45.23000000,45.70000000,45.05000000,45.61000000,19801.73785000,1601341199999,898582.87751740,1753,10289.90201000,466979.96530220
2020-09-28 21:00:00,45.62000000,45.70000000,45.38000000,45.47000000,8909.81412000,1601344799999,405942.40899400,764,4075.07368000,185677.31016360
2020-09-28 22:00:00,45.47000000,45.73000000,45.36000000,45.47000000,17773.22202000,1601348399999,809827.75089490,1323,8983.85718000,409356.60396430
2020-09-28 23:00:00,45.48000000,45.57000000,45.40000000,45.50000000,3810.59044000,1601351999999,173322.34100080,392,2093.43186000,95210.93909020
2020-09-29 00:00:00,45.46000000,45.60000000,45.40000000,45.43000000,9741.45417000,1601355599999,443363.95751680,642,4896.32690000,222855.14463460
2020-09-29 01:00:00,45.44000000,45.49000000,45.31000000,45.37000000,11279.54111000,1601359199999,512110.79437220,718,5985.72539000,271761.57779030
2020-09-29 02:00:00,45.37000000,45.85000000,45.29000000,45.76000000,13784.41866000,1601362799999,628957.15931450,1109,7669.09374000,349866.82102290
2020-09-29 03:00:00,45.77000000,45.80000000,45.55000000,45.55000000,12564.68373000,1601366399999,573723.35609880,853,5985.95827000,273361.61241500
2020-09-29 04:00:00,45.57000000,45.59000000,45.44000000,45.54000000,13663.11542000,1601369999999,621878.82737840,963,5810.52138000,264493.84218710
2020-09-29 05:00:00,45.51000000,45.59000000,45.37000000,45.42000000,10234.14397000,1601373599999,465313.39239930,955,4512.31442000,205222.02390450
2020-09-29 06:00:00,45.40000000,45.68000000,45.38000000,45.59000000,13167.86270000,1601377199999,599724.43131870,1066,7235.72228000,329583.93073150
2020-09-29 07:00:00,45.60000000,45.70000000,45.48000000,45.50000000,13703.03468000,1601380799999,624475.97756290,1104,6444.88556000,293746.94602360
2020-09-29 08:00:00,45.53000000,45.56000000,45.41000000,45.50000000,9538.06921000,1601384399999,433767.14510860,836,4621.71484000,210186.75971840
2020-09-29 09:00:00,45.48000000,45.50000000,45.08000000,45.48000000,20553.20329000,1601387999999,931254.26556630,1551,9968.90888000,451694.08036480
2020-09-29 10:00:00,45.50000000,45.71000000,45.35000000,45.42000000,13723.75823000,1601391599999,624865.33487050,1163,7308.61143000,332695.05317060
2020-09-29 11:00:00,45.44000000,45.52000000,45.18000000,45.24000000,18056.44154000,1601395199999,819352.12677510,1277,6953.40907000,315501.28974940
2020-09-29 12:00:00,45.23000000,45.33000000,44.95000000,45.26000000,28121.86062000,1601398799999,1270166.50957330,1991,13123.25788000,592813.86100190
2020-09-29 13:00:00,45.26000000,45.30000000,44.96000000,45.16000000,14785.06583000,1601402399999,666961.61513310,1172,7759.10911000,350036.83204830
2020-09-29 14:00:00,45.19000000,45.41000000,45.15000000,45.34000000,16902.61645000,1601405999999,765492.87948380,1196,8517.48796000,385744.50483220
2020-09-29 15:00:00,45.35000000,45.45000000,45.23000000,45.36000000,9644.77122000,1601409599999,437287.75137410,754,5547.97758000,251542.30229850
2020-09-29 16:00:00,45.35000000,45.50000000,45.33000000,45.42000000,11492.75621000,1601413199999,521674.92429710,914,5848.75898000,265501.51453430
2020-09-29 17:00:00,45.42000000,45.50000000,45.34000000,45.40000000,4610.47695000,1601416799999,209361.46780410,633,2205.69894000,100161.08410230
2020-09-29 18:00:00,45.40000000,45.50000000,45.38000000,45.47000000,4823.03387000,1601420399999,219184.60371290,455,2303.42383000,104697.22031210
2020-09-29 19:00:00,45.48000000,45.74000000,45.48000000,45.69000000,14190.02536000,1601423999999,647878.61866600,1128,8039.44229000,367134.80549720
2020-09-29 20:00:00,45.68000000,45.70000000,45.45000000,45.49000000,12812.60640000,1601427599999,583578.86308970,952,5083.88326000,231604.87463210
2020-09-29 21:00:00,45.50000000,45.73000000,45.48000000,45.58000000,11171.72943000,1601431199999,509292.76220390,847,7187.19985000,327665.64026070
2020-09-29 22:00:00,45.58000000,45.79000000,45.53000000,45.54000000,13398.97135000,1601434799999,611215.36593420,1041,6125.54269000,279406.03704140
2020-09-29 23:00:00,45.53000000,45.59000000,45.44000000,45.50000000,7814.66751000,1601438399999,355778.51207110,738,3814.30901000,173673.96616900
2020-09-30 00:00:00,45.49000000,46.38000000,45.45000000,46.16000000,23032.33982000,1601441999999,1059663.32972410,2701,13237.90634000,608730.75173920
2020-09-30 01:00:00,46.14000000,46.18000000,45.85000000,45.85000000,13755.02794000,1601445599999,632950.03168440,1050,6214.28508000,285975.39445340
2020-09-30 02:00:00,45.85000000,46.09000000,45.75000000,45.97000000,7984.73517000,1601449199999,366858.68886590,734,3875.30244000,178046.56278290
2020-09-30 03:00:00,45.98000000,46.16000000,45.80000000,45.88000000,8581.70696000,1601452799999,394859.52259720,751,4125.21176000,189773.80943240
2020-09-30 04:00:00,45.87000000,46.13000000,45.77000000,46.01000000,7130.54144000,1601456399999,327674.99788250,703,3910.46291000,179720.11013250
2020-09-30 05:00:00,46.01000000,46.01000000,45.67000000,45.84000000,8969.17465000,1601459999999,410917.90172260,823,4335.68638000,198630.48480790
2020-09-30 06:00:00,45.86000000,46.09000000,45.82000000,45.99000000,9347.05955000,1601463599999,429613.21796230,910,5426.24854000,249378.09835120
2020-09-30 07:00:00,45.98000000,46.03000000,45.66000000,45.69000000,10000.65633000,1601467199999,458164.29017560,883,4243.59226000,194453.99335390
2020-09-30 08:00:00,45.66000000,46.02000000,45.52000000,45.95000000,12185.69700000,1601470799999,558699.82910930,1163,5820.81506000,267028.21485370
2020-09-30 09:00:00,45.93000000,46.02000000,45.87000000,45.92000000,12281.02355000,1601474399999,564312.52088830,866,8190.13762000,376348.39743000
2020-09-30 10:00:00,45.94000000,46.18000000,45.93000000,46.03000000,13200.13285000,1601477999999,608256.26580050,1099,7608.46411000,350623.31324770
2020-09-30 11:00:00,46.05000000,46.27000000,46.00000000,46.21000000,10660.15158000,1601481599999,492030.50938080,941,6008.66033000,277303.73099200
2020-09-30 12:00:00,46.25000000,46.70000000,46.24000000,46.35000000,22542.45849000,1601485199999,1046791.26909090,2295,11809.02113000,548419.83594210
2020-09-30 13:00:00,46.35000000,46.40000000,46.15000000,46.21000000,8869.27933000,1601488799999,410339.27262710,959,4549.88142000,210559.66134440
2020-09-30 14:00:00,46.22000000,46.24000000,45.86000000,45.99000000,14528.41388000,1601492399999,668960.63304770,1450,6277.38625000,289059.80359240
2020-09-30 15:00:00,45.98000000,46.02000000,45.85000000,45.90000000,11846.12918000,1601495999999,544147.32205130,811,4416.34171000,202875.54783530
2020-09-30 16:00:00,45.90000000,46.01000000,45.75000000,45.91000000,13493.60012000,1601499599999,619192.02452200,1137,7789.35474000,357502.65326540
2020-09-30 17:00:00,45.91000000,46.01000000,45.78000000,45.85000000,10250.56710000,1601503199999,470778.15236160,754,4233.45709000,194474.84482040
2020-09-30 18:00:00,45.84000000,46.33000000,45.78000000,46.27000000,14595.50053000,1601506799999,672603.00029490,1231,7972.86096000,367358.71992890
2020-09-30 19:00:00,46.27000000,46.46000000,46.14000000,46.24000000,15685.83458000,1601510399999,725573.65287200,1075,8594.67781000,397555.36433450
2020-09-30 20:00:00,46.26000000,46.40000000,46.20000000,46.28000000,13991.08851000,1601513999999,647689.69186030,1072,6488.45807000,300391.05452710
2020-09-30 21:00:00,46.30000000,46.68000000,46.27000000,46.64000000,11957.99712000,1601517599999,555982.32762950,1170,6542.08732000,304191.40812090
2020-09-30 22:00:00,46.64000000,46.80000000,46.46000000,46.48000000,17975.75877000,1601521199999,838024.86675880,1668,8355.48328000,389521.44652890
2020-09-30 23:00:00,46.50000000,46.55000000,46.40000000,46.49000000,7137.10628000,1601524799999,331546.53867920,708,4237.51682000,196866.86730650
2020-10-01 00:00:00,46.48000000,46.63000000,46.44000000,46.46000000,8537.39326000,1601528399999,397149.41320370,667,4056.01150000,188694.18520730
2020-10-01 01:00:00,46.45000000,46.48000000,46.27000000,46.46000000,8814.26611000,1601531999999,408923.76837610,821,4526.51068000,209989.33152430
2020-10-01 02:00:00,46.46000000,46.60000000,46.43000000,46.58000000,9241.61502000,1601535599999,429886.48863190,821,5089.43472000,236737.85091240
2020-10-01 03:00:00,46.58000000,46.65000000,46.43000000,46.62000000,7132.17352000,1601539199999,332111.05195110,640,3576.27874000,166547.05036510
2020-10-01 04:00:00,46.64000000,47.60000000,46.50000000,47.60000000,67673.96239000,1601542799999,3184140.66937740,6330,39224.75140000,1845994.90839100
2020-10-01 05:00:00,47.60000000,48.22000000,47.47000000,47.81000000,58389.36372000,1601546399999,2793953.16005680,4834,34034.92831000,1628101.46747510
2020-10-01 06:00:00,47.79000000,47.86000000,47.61000000,47.71000000,12266.36716000,1601549999999,585423.78007310,1224,5355.71937000,255623.26759600
2020-10-01 07:00:00,47.71000000,47.92000000,47.70000000,47.92000000,8361.04891000,1601553599999,399981.96816100,1040,4667.13433000,223293.30220270
2020-10-01 08:00:00,47.91000000,48.10000000,47.87000000,47.90000000,22541.72135000,1601557199999,1081530.87386240,1629,11088.70549000,532000.50281530
2020-10-01 09:00:00,47.90000000,47.93000000,47.70000000,47.75000000,11309.99910000,1601560799999,540640.88641620,1097,5866.52120000,280473.27112990
2020-10-01 10:00:00,47.76000000,48.45000000,47.74000000,48.34000000,50317.31004000,1601564399999,2422607.33022320,4357,27023.90010000,1301518.66329210
2020-10-01 11:00:00,48.33000000,48.46000000,47.32000000,47.38000000,47853.35828000,1601567999999,2289784.41517240,3999,21834.97977000,1045924.15966380
2020-10-01 12:00:00,47.37000000,47.39000000,45.23000000,45.79000000,165756.95200000,1601571599999,7643931.57443120,15410,78268.19214000,3607278.78852290
2020-10-01 13:00:00,45.78000000,45.99000000,45.50000000,45.78000000,33583.98003000,1601575199999,1536928.23461980,2468,16068.50857000,734779.54736020
2020-10-01 14:00:00,45.74000000,46.67000000,45.72000000,46.57000000,38651.13638000,1601578799999,1787533.20063730,3189,22047.47225000,1019202.29862260
2020-10-01 15:00:00,46.59000000,46.62000000,46.19000000,46.41000000,22222.91575000,1601582399999,1031620.30765690,1880,8527.93631000,395748.04607920
2020-10-01 16:00:00,46.40000000,46.40000000,46.09000000,46.21000000,19572.08610000,1601585999999,904468.10097750,1804,11648.78087000,538330.03121630
2020-10-01 17:00:00,46.21000000,46.28000000,45.82000000,45.83000000,18181.46591000,1601589599999,837709.39770210,1639,8544.81003000,393677.12118300
2020-10-01 18:00:00,45.82000000,46.17000000,45.52000000,46.05000000,20205.80211000,1601593199999,927095.17904550,1895,11686.09358000,536242.70971540
2020-10-01 19:00:00,46.03000000,46.28000000,45.98000000,46.25000000,9747.94831000,1601596799999,449750.19028450,861,4191.10503000,193367.08286880
2020-10-01 20:00:00,46.25000000,46.25000000,45.95000000,46.08000000,12985.85642000,1601600399999,598889.00743590,1181,6417.49587000,295938.32881150
2020-10-01 21:00:00,46.08000000,46.41000000,46.08000000,46.22000000,8993.53752000,1601603999999,416118.30102020,832,4173.54802000,193128.49417290
2020-10-01 22:00:00,46.23000000,46.40000000,46.20000000,46.22000000,13211.37510000,1601607599999,611265.86894250,925,7071.14043000,327115.50488030
2020-10-01 23:00:00,46.24000000,46.63000000,46.17000000,46.59000000,10773.52147000,1601611199999,499789.42928610,1005,5940.87437000,275671.50421030
2020-10-02 00:00:00,46.62000000,46.97000000,46.50000000,46.50000000,30958.22603000,1601614799999,1447729.56068310,2396,16675.14883000,779912.65649270
2020-10-02 01:00:00,46.50000000,46.50000000,45.01000000,45.32000000,74602.51047000,1601618399999,3395391.27204750,6063,29505.07921000,1342086.03455640
2020-10-02 02:00:00,45.31000000,45.64000000,45.16000000,45.53000000,14069.00029000,1601621999999,639348.03509070,1488,6080.07735000,276265.55501210
2020-10-02 03:00:00,45.57000000,45.57000000,45.34000000,45.36000000,9131.00803000,1601625599999,414765.87022370,1025,4381.17342000,199011.62961790
2020-10-02 04:00:00,45.36000000,45.56000000,44.64000000,44.96000000,44801.78894000,1601629199999,2017802.17259930,3713,24184.17226000,1088212.66963020
2020-10-02 05:00:00,44.95000000,45.23000000,44.33000000,44.77000000,43732.96783000,1601632799999,1954903.38139950,4081,18321.67501000,819307.45765130
2020-10-02 06:00:00,44.75000000,44.89000000,43.19000000,44.39000000,73583.04175000,1601636399999,3240549.04336000,6229,35139.65888000,1546916.39542970
2020-10-02 07:00:00,44.39000000,44.56000000,44.21000000,44.34000000,12141.64752000,1601639999999,539075.78468500,1494,5635.51994000,250207.15296480
2020-10-02 08:00:00,44.34000000,44.66000000,44.25000000,44.66000000,13917.64892000,1601643599999,619238.67759180,1383,5542.05039000,246564.49601030
2020-10-02 09:00:00,44.67000000,45.14000000,44.11000000,44.86000000,33119.93367000,1601647199999,1476668.26843860,3125,15233.98348000,679335.33798850
2020-10-02 10:00:00,44.86000000,45.06000000,44.75000000,44.83000000,23870.27266000,1601650799999,1072037.86732480,1838,11970.94528000,537496.76124800
2020-10-02 11:00:00,44.81000000,45.07000000,44.71000000,44.79000000,12733.87351000,1601654399999,571356.68713000,1170,6162.19267000,276503.15047440
2020-10-02 12:00:00,44.79000000,45.17000000,44.62000000,45.11000000,13384.52800000,1601657999999,601409.70383010,1294,6718.44218000,301976.93716460
2020-10-02 13:00:00,45.10000000,45.15000000,44.85000000,44.97000000,8209.99689000,1601661599999,369342.95120060,821,4195.53032000,188727.67021090
2020-10-02 14:00:00,44.98000000,45.05000000,44.78000000,44.91000000,10387.36826000,1601665199999,466580.49474300,862,5144.38770000,231048.85234530
2020-10-02 15:00:00,44.90000000,44.93000000,44.72000000,44.73000000,11942.76581000,1601668799999,535378.13267420,1080,6084.02035000,272744.26396210
2020-10-02 16:00:00,44.73000000,45.00000000,44.68000000,44.96000000,9864.96510000,1601672399999,442826.25022240,932,4319.20325000,193916.85677920
2020-10-02 17:00:00,44.99000000,45.12000000,44.45000000,44.50000000,9250.02882000,1601675999999,413858.34577760,1260,3961.68074000,177178.60145520
2020-10-02 18:00:00,44.50000000,44.93000000,44.46000000,44.86000000,16009.90398000,1601679599999,715804.73701600,1037,8003.99508000,357510.08662170
2020-10-02 19:00:00,44.84000000,44.99000000,44.80000000,44.88000000,6995.09859000,1601683199999,313962.88507310,672,4253.02182000,190879.47206340
2020-10-02 20:00:00,44.88000000,45.00000000,44.72000000,44.90000000,8137.95627000,1601686799999,365155.44265630,725,5183.17605000,232578.98029820
2020-10-02 21:00:00,44.89000000,45.03000000,44.78000000,44.96000000,16225.00655000,1601690399999,728208.50579690,975,9371.38817000,420576.85126730
2020-10-02 22:00:00,44.97000000,45.07000000,44.88000000,44.92000000,8648.44430000,1601693999999,388764.03632730,652,4558.46136000,204913.63669930
2020-10-02 23:00:00,44.91000000,45.44000000,44.89000000,45.38000000,20899.57303000,1601697599999,944173.40343780,2003,14312.04232000,646698.30565210
2020-10-03 00:00:00,45.40000000,45.45000000,45.18000000,45.24000000,19176.59402000,1601701199999,868470.60451630,1928,10354.34806000,469004.61166410
2020-10-03 01:00:00,45.25000000,45.29000000,44.98000000,45.12000000,13813.37215000,1601704799999,623568.53414770,1126,6766.48753000,305443.01973400
2020-10-03 02:00:00,45.12000000,45.19000000,44.97000000,45.17000000,10207.60799000,1601708399999,460350.99743350,917,5684.98503000,256426.63609560
2020-10-03 03:00:00,45.16000000,45.29000000,45.10000000,45.26000000,6780.31520000,1601711999999,306365.25989000,804,3452.93338000,156011.43901340
2020-10-03 04:00:00,45.24000000,45.69000000,45.13000000,45.39000000,13294.82449000,1601715599999,604240.53543930,1340,7665.90062000,348402.87431400
2020-10-03 05:00:00,45.37000000,45.59000000,45.32000000,45.56000000,8539.36886000,1601719199999,387937.74278060,755,4670.04662000,212166.63865420
2020-10-03 06:00:00,45.55000000,45.74000000,45.47000000,45.67000000,5522.06716000,1601722799999,251957.38833460,642,2776.84199000,126662.98536350
2020-10-03 07:00:00,45.67000000,45.79000000,45.42000000,45.48000000,8070.61044000,1601726399999,367950.26820510,908,3894.65194000,177628.30634380
2020-10-03 08:00:00,45.47000000,45.52000000,45.36000000,45.50000000,2820.71051000,1601729999999,128241.47035720,404,1465.66670000,66641.77387190
2020-10-03 09:00:00,45.50000000,45.64000000,45.45000000,45.49000000,17021.89012000,1601733599999,775121.27833510,923,7173.79869000,326642.84014220
2020-10-03 10:00:00,45.48000000,45.56000000,45.40000000,45.51000000,4820.30410000,1601737199999,219290.99179190,557,2031.81684000,92430.64152720
2020-10-03 11:00:00,45.51000000,45.87000000,45.48000000,45.80000000,6607.83816000,1601740799999,301717.11543970,743,3670.80127000,167613.31624360
2020-10-03 12:00:00,45.80000000,45.92000000,45.66000000,45.87000000,11264.91342000,1601744399999,515910.10313240,966,4617.82003000,211436.66270910
2020-10-03 13:00:00,45.89000000,45.92000000,45.77000000,45.82000000,5964.41554000,1601747999999,273265.33767450,738,3002.54975000,137572.05412930
2020-10-03 14:00:00,45.84000000,45.97000000,45.80000000,45.87000000,6935.65328000,1601751599999,318283.51473490,775,2735.05294000,125533.39564870
2020-10-03 15:00:00,45.88000000,45.97000000,45.85000000,45.89000000,6096.53156000,1601755199999,279805.60563640,566,3079.97278000,141354.63511720
2020-10-03 16:00:00,45.89000000,45.94000000,45.70000000,45.77000000,6808.34159000,1601758799999,311727.87958540,517,2381.42860000,109061.45012600
2020-10-03 17:00:00,45.79000000,45.94000000,45.68000000,45.93000000,6497.29302000,1601762399999,297779.83434960,615,3714.07484000,170314.92880970
2020-10-03 18:00:00,45.89000000,45.91000000,45.62000000,45.74000000,4956.40380000,1601765999999,226654.43166300,451,2536.68468000,115979.40058880
2020-10-03 19:00:00,45.76000000,45.76000000,45.47000000,45.51000000,6715.70816000,1601769599999,306427.88986050,566,2771.86087000,126435.08739050
2020-10-03 20:00:00,45.50000000,45.80000000,45.50000000,45.66000000,11225.07101000,1601773199999,512564.72543310,1025,5341.45493000,243905.12861470
2020-10-03 21:00:00,45.64000000,45.69000000,45.28000000,45.43000000,21371.31726000,1601776799999,973172.75579930,1434,11015.27822000,501938.88059810
2020-10-03 22:00:00,45.44000000,45.54000000,45.30000000,45.53000000,7073.81659000,1601780399999,321281.94207200,548,4224.28617000,191828.40871600
2020-10-03 23:00:00,45.53000000,45.58000000,45.45000000,45.47000000,5483.44787000,1601783999999,249515.17106730,404,2752.31789000,125235.45674030
2020-10-04 00:00:00,45.45000000,45.76000000,45.45000000,45.69000000,5122.10855000,1601787599999,233744.31013010,499,2636.01108000,120282.85758380
2020-10-04 01:00:00,45.70000000,45.74000000,45.64000000,45.67000000,6128.60746000,1601791199999,279992.02823130,479,2752.54965000,125754.45779120
2020-10-04 02:00:00,45.67000000,46.14000000,45.65000000,46.10000000,15030.54877000,1601794799999,690045.29728420,1497,8668.84032000,397955.37195270
2020-10-04 03:00:00,46.08000000,46.18000000,45.98000000,46.00000000,8442.51214000,1601798399999,388653.19846240,686,5186.16234000,238743.28298870
2020-10-04 04:00:00,46.01000000,46.06000000,45.86000000,45.94000000,6444.60276000,1601801999999,296329.34421700,715,2863.12044000,131673.94909640
2020-10-04 05:00:00,45.95000000,45.98000000,45.84000000,45.89000000,6137.25892000,1601805599999,281771.90778630,586,2744.14987000,126004.63133060
2020-10-04 06:00:00,45.88000000,45.89000000,45.57000000,45.68000000,9577.45218000,1601809199999,437535.19557990,1021,4519.17606000,206422.97154150
2020-10-04 07:00:00,45.68000000,45.86000000,45.60000000,45.83000000,6212.28398000,1601812799999,283858.40775450,584,3172.95028000,144984.58749400
2020-10-04 08:00:00,45.81000000,45.98000000,45.62000000,45.98000000,8136.68793000,1601816399999,372420.64560800,770,4241.04543000,194112.36153690
2020-10-04 09:00:00,45.98000000,46.36000000,45.97000000,46.27000000,15884.00294000,1601819999999,733838.42926470,1483,9650.82621000,445889.57706260
2020-10-04 10:00:00,46.28000000,46.41000000,45.97000000,46.06000000,13403.82375000,1601823599999,619063.76231300,1091,5464.86549000,252416.97242260
2020-10-04 11:00:00,46.07000000,46.15000000,45.87000000,45.87000000,8955.60969000,1601827199999,412276.11559960,762,4051.97949000,186562.00542950
2020-10-04 12:00:00,45.87000000,46.12000000,45.81000000,46.11000000,6108.90558000,1601830799999,280838.74853870,696,2206.43692000,101530.43588830
2020-10-04 13:00:00,46.11000000,46.28000000,46.05000000,46.24000000,8967.63460000,1601834399999,413969.82355470,825,4234.00162000,195471.28489610
2020-10-04 14:00:00,46.26000000,46.79000000,46.26000000,46.72000000,27093.51382000,1601837999999,1261508.34024170,2576,12649.32788000,588914.88880510
2020-10-04 15:00:00,46.73000000,47.07000000,46.68000000,46.81000000,17988.97442000,1601841599999,843161.88674920,1702,8419.13126000,394636.41703140
2020-10-04 16:00:00,46.81000000,46.92000000,46.66000000,46.74000000,11674.24075000,1601845199999,546557.36174350,1160,4360.13053000,204229.55636780
2020-10-04 17:00:00,46.73000000,46.75000000,46.49000000,46.63000000,10472.09762000,1601848799999,488482.20679450,1135,3580.27408000,166898.44413890
2020-10-04 18:00:00,46.63000000,46.79000000,46.55000000,46.60000000,9652.26759000,1601852399999,450167.64818790,861,5800.31043000,270498.95065920
2020-10-04 19:00:00,46.61000000,46.77000000,46.60000000,46.69000000,10836.87570000,1601855999999,506063.97601430,875,6739.24383000,314726.24238130
2020-10-04 20:00:00,46.68000000,47.08000000,46.64000000,46.86000000,17949.83045000,1601859599999,841828.84446780,1973,10123.60926000,474815.64853890
2020-10-04 21:00:00,46.85000000,46.93000000,46.44000000,46.49000000,22371.96716000,1601863199999,1044684.43275550,1921,10315.96416000,481834.07769870
2020-10-04 22:00:00,46.48000000,46.57000000,46.41000000,46.51000000,13533.83830000,1601866799999,629502.79774370,1357,6418.98521000,298530.78672560
2020-10-04 23:00:00,46.50000000,46.55000000,46.18000000,46.25000000,13035.13308000,1601870399999,603708.61168190,1217,5037.75566000,233348.99045410
2020-10-05 00:00:00,46.25000000,46.29000000,46.12000000,46.19000000,11973.37634000,1601873999999,553393.71728050,978,6861.64550000,317190.97963130
2020-10-05 01:00:00,46.19000000,46.35000000,46.11000000,46.34000000,9767.03789000,1601877599999,451506.20005300,730,4496.30089000,207967.74642720
2020-10-05 02:00:00,46.34000000,46.34000000,45.97000000,46.23000000,16598.07835000,1601881199999,765810.29379130,1478,6271.95609000,289248.53881080
2020-10-05 03:00:00,46.22000000,46.40000000,46.12000000,46.38000000,8152.98148000,1601884799999,377234.34481900,892,4394.25454000,203318.42052380
2020-10-05 04:00:00,46.39000000,46.39000000,46.17000000,46.18000000,6332.72221000,1601888399999,293139.48874300,648,2481.86898000,114904.71448650
2020-10-05 05:00:00,46.17000000,46.35000000,46.12000000,46.27000000,6448.61265000,1601891999999,298429.01204760,586,2694.24828000,124682.71513830
2020-10-05 06:00:00,46.27000000,46.35000000,46.05000000,46.27000000,13060.54608000,1601895599999,603200.32503280,839,6640.41128000,306775.14543320
2020-10-05 07:00:00,46.29000000,46.37000000,46.10000000,46.13000000,6276.54891000,1601899199999,289970.85472930,617,3365.68100000,155515.64682780
2020-10-05 08:00:00,46.12000000,46.47000000,46.05000000,46.43000000,10746.95252000,1601902799999,497161.82344260,995,4826.58276000,223414.06618510
2020-10-05 09:00:00,46.44000000,46.57000000,46.31000000,46.40000000,13378.74402000,1601906399999,621053.09578810,1197,7335.53178000,340470.50188640
2020-10-05 10:00:00,46.41000000,46.61000000,46.26000000,46.37000000,14016.20355000,1601909999999,650158.09316540,1396,7762.11846000,360066.68525320
2020-10-05 11:00:00,46.38000000,46.48000000,46.32000000,46.42000000,6944.10612000,1601913599999,322148.99444630,708,3305.90104000,153372.02734140
2020-10-05 12:00:00,46.46000000,46.48000000,46.23000000,46.45000000,10050.38207000,1601917199999,466236.29329120,912,5594.62140000,259574.01175380
2020-10-05 13:00:00,46.45000000,46.46000000,45.63000000,45.70000000,21989.55402000,1601920799999,1011954.83543130,2025,8684.97628000,399995.63927340
2020-10-05 14:00:00,45.70000000,45.91000000,45.53000000,45.83000000,24426.91868000,1601924399999,1117345.05020030,2398,14335.66255000,656002.45184040
2020-10-05 15:00:00,45.83000000,45.94000000,45.78000000,45.86000000,8893.38095000,1601927999999,407942.92772800,845,4390.91627000,201415.52285160
2020-10-05 16:00:00,45.87000000,46.00000000,45.80000000,45.97000000,9074.83562000,1601931599999,416692.74984090,931,5600.67887000,257218.56508980
2020-10-05 17:00:00,45.97000000,46.12000000,45.92000000,46.03000000,8100.80528000,1601935199999,372699.18666820,865,4055.92168000,186629.24317900
2020-10-05 18:00:00,46.03000000,46.15000000,46.03000000,46.11000000,5557.64722000,1601938799999,256207.92530780,564,3350.32666000,154469.12417580
2020-10-05 19:00:00,46.11000000,46.44000000,46.11000000,46.34000000,9467.07219000,1601942399999,438230.16401680,989,5553.13461000,257027.70714110
2020-10-05 20:00:00,46.35000000,46.43000000,46.14000000,46.17000000,8885.98181000,1601945999999,411516.55870620,765,4019.16330000,186130.60811800
2020-10-05 21:00:00,46.16000000,46.33000000,46.15000000,46.28000000,8221.25400000,1601949599999,380213.45246490,772,5600.91409000,259011.51454650
2020-10-05 22:00:00,46.29000000,46.44000000,46.25000000,46.36000000,8528.28937000,1601953199999,395166.44433280,748,3613.99438000,167542.59770950
2020-10-05 23:00:00,46.36000000,46.67000000,46.25000000,46.60000000,10743.62107000,1601956799999,499397.17793400,1208,6498.01651000,302054.73936150
2020-10-06 00:00:00,46.59000000,46.73000000,46.54000000,46.59000000,5864.04848000,1601960399999,273608.94429000,752,3256.86018000,151975.95582120
2020-10-06 01:00:00,46.59000000,46.60000000,46.40000000,46.57000000,10490.28302000,1601963999999,487763.18139220,932,5824.06108000,270841.87118610
2020-10-06 02:00:00,46.57000000,46.59000000,46.40000000,46.45000000,6235.26037000,1601967599999,289855.40520050,728,2495.56306000,116008.40886460
2020-10-06 03:00:00,46.47000000,46.52000000,46.09000000,46.24000000,6678.94672000,1601971199999,309387.13392520,915,3014.11169000,139638.11403840
2020-10-06 04:00:00,46.21000000,46.40000000,46.15000000,46.36000000,11970.35307000,1601974799999,553940.51492420,1069,6241.46882000,288861.40545210
2020-10-06 05:00:00,46.35000000,46.85000000,46.33000000,46.62000000,20185.99292000,1601978399999,941299.04903640,1641,11920.35125000,556069.42489910
2020-10-06 06:00:00,46.62000000,46.66000000,46.20000000,46.20000000,9603.62556000,1601981999999,445927.91561450,888,3790.01022000,175960.78455200
2020-10-06 07:00:00,46.20000000,46.20000000,45.71000000,45.89000000,26601.78740000,1601985599999,1221608.74421920,2443,12095.59970000,555099.02761550
2020-10-06 08:00:00,45.90000000,46.03000000,45.77000000,45.85000000,7191.65970000,1601989199999,330172.61265260,773,3636.98975000,167017.62536100
2020-10-06 09:00:00,45.84000000,46.07000000,45.75000000,45.81000000,11205.72275000,1601992799999,514845.17433570,990,5501.47139000,252758.55270940
2020-10-06 10:00:00,45.80000000,46.04000000,45.73000000,45.87000000,11584.33047000,1601996399999,531497.11901530,1227,4786.82820000,219706.34788180
2020-10-06 11:00:00,45.87000000,48.03000000,45.52000000,47.87000000,163478.62304000,1601999999999,7695923.19922050,13163,87531.71515000,4122639.26785370
2020-10-06 12:00:00,47.87000000,48.25000000,47.37000000,47.48000000,69804.37448000,1602003599999,3338683.63410740,5282,31913.36132000,1526389.54567060
2020-10-06 13:00:00,47.47000000,47.54000000,47.03000000,47.30000000,42452.09743000,1602007199999,2005406.47034340,3139,21556.71858000,1017973.82692060
2020-10-06 14:00:00,47.30000000,47.52000000,46.36000000,46.44000000,58823.60942000,1602010799999,2762361.76639980,4478,25926.64019000,1217658.18175420
2020-10-06 15:00:00,46.44000000,46.47000000,45.83000000,46.25000000,69321.32606000,1602014399999,3202002.73232360,5704,31063.37420000,1435107.79527010
2020-10-06 16:00:00,46.24000000,46.36000000,45.66000000,45.92000000,31456.93298000,1602017999999,1448180.14878540,2805,15695.50545000,722917.01731890
2020-10-06 17:00:00,45.92000000,45.99000000,45.72000000,45.74000000,16271.40365000,1602021599999,745702.22136090,1374,4845.31191000,222142.95320100
2020-10-06 18:00:00,45.74000000,45.95000000,45.67000000,45.74000000,17622.27705000,1602025199999,807458.27655160,1608,7182.29280000,329021.97519410
2020-10-06 19:00:00,45.72000000,46.04000000,45.67000000,45.99000000,17498.67103000,1602028799999,802498.98348520,1348,10908.26016000,500313.71776730
2020-10-06 20:00:00,46.01000000,46.02000000,45.64000000,45.70000000,17046.20599000,1602032399999,780283.00226140,1580,9514.47005000,435453.75291640
2020-10-06 21:00:00,45.69000000,45.74000000,45.02000000,45.48000000,42220.93743000,1602035999999,1913962.26007660,4120,20210.92291000,916291.10673360
2020-10-06 22:00:00,45.48000000,45.71000000,45.46000000,45.65000000,10807.62727000,1602039599999,492591.13332390,1057,5191.71678000,236644.08741280
2020-10-06 23:00:00,45.66000000,45.74000000,45.47000000,45.61000000,9579.36573000,1602043199999,436983.17297460,955,4297.49158000,196047.95389690
2020-10-07 00:00:00,45.58000000,45.84000000,45.52000000,45.77000000,7758.90171000,1602046799999,354465.57178850,878,4521.59086000,206519.94250430
2020-10-07 01:00:00,45.75000000,45.98000000,45.61000000,45.81000000,12395.06335000,1602050399999,568332.03735220,1102,6467.98169000,296610.73074700
2020-10-07 02:00:00,45.81000000,46.20000000,45.69000000,46.03000000,15063.99165000,1602053999999,691660.41025670,1329,7728.18010000,354832.96321430
2020-10-07 03:00:00,46.03000000,46.04000000,45.77000000,45.96000000,11719.60834000,1602057599999,537673.12129770,993,6310.47166000,289497.10083100
2020-10-07 04:00:00,45.95000000,46.01000000,45.75000000,45.90000000,6783.35037000,1602061199999,311082.96569590,766,3955.96561000,181417.51273580
2020-10-07 05:00:00,45.90000000,45.93000000,45.29000000,45.60000000,24248.14176000,1602064799999,1104855.55608680,2013,11308.96363000,515215.53594270
2020-10-07 06:00:00,45.60000000,45.67000000,45.43000000,45.64000000,8902.54080000,1602068399999,405501.82210000,952,3927.46772000,178851.04798710
2020-10-07 07:00:00,45.66000000,45.71000000,45.45000000,45.64000000,6238.98098000,1602071999999,284365.98548450,712,2826.27651000,128845.98958790
2020-10-07 08:00:00,45.63000000,46.28000000,45.62000000,46.13000000,25123.24966000,1602075599999,1156276.58309000,2594,13152.58891000,605511.26989440
2020-10-07 09:00:00,46.14000000,46.47000000,46.11000000,46.12000000,21358.02135000,1602079199999,987918.97938270,2232,10394.63817000,480825.31997560
2020-10-07 10:00:00,46.12000000,46.17000000,45.89000000,46.10000000,12641.62588000,1602082799999,582090.85580550,1464,5133.69848000,236335.34287320
2020-10-07 11:00:00,46.10000000,46.68000000,46.06000000,46.16000000,28930.77390000,1602086399999,1342468.57332810,2815,14693.08535000,681728.93372400
2020-10-07 12:00:00,46.16000000,46.21000000,45.73000000,46.17000000,25890.97585000,1602089999999,1190334.80634130,2567,13229.39040000,608204.95305720
2020-10-07 13:00:00,46.18000000,46.65000000,46.10000000,46.50000000,21165.63222000,1602093599999,982445.41586110,2121,10794.56548000,501154.41640610
2020-10-07 14:00:00,46.51000000,46.83000000,46.44000000,46.69000000,23263.82049000,1602097199999,1085869.57292000,2212,11430.96506000,533513.60414040
2020-10-07 15:00:00,46.69000000,46.96000000,46.64000000,46.67000000,20580.11750000,1602100799999,962667.27961480,1675,9875.81270000,461958.58243110
2020-10-07 16:00:00,46.66000000,46.90000000,46.62000000,46.70000000,11690.65091000,1602104399999,546600.03751350,1147,5134.29491000,240028.03796410
2020-10-07 17:00:00,46.69000000,46.74000000,46.57000000,46.58000000,4339.35895000,1602107999999,202484.67436050,517,1603.58799000,74821.63159180
2020-10-07 18:00:00,46.57000000,46.59000000,46.44000000,46.59000000,7106.66958000,1602111599999,330580.58554560,842,3641.44686000,169391.44270330
2020-10-07 19:00:00,46.59000000,46.64000000,46.47000000,46.55000000,9741.10795000,1602115199999,453664.44778900,738,3779.24817000,175985.30821470
2020-10-07 20:00:00,46.56000000,46.66000000,46.28000000,46.30000000,9286.78112000,1602118799999,431107.45923290,1008,4680.44277000,217292.49348650
2020-10-07 21:00:00,46.30000000,46.37000000,46.12000000,46.35000000,9658.92385000,1602122399999,446986.03996350,811,4982.67528000,230566.27043800
2020-10-07 22:00:00,46.34000000,46.35000000,46.19000000,46.30000000,4572.15624000,1602125999999,211522.89992850,458,2371.41404000,109699.55705660
2020-10-07 23:00:00,46.28000000,46.60000000,46.24000000,46.38000000,13210.37811000,1602129599999,613448.75514400,1217,6744.06696000,313185.41832730
2020-10-08 00:00:00,46.37000000,46.52000000,46.27000000,46.41000000,7398.21420000,1602133199999,343158.09350120,691,3304.35555000,153266.23730400
2020-10-08 01:00:00,46.40000000,46.40000000,46.09000000,46.14000000,9752.03747000,1602136799999,450783.73233430,984,4359.10636000,201514.23458090
2020-10-08 02:00:00,46.18000000,46.48000000,46.10000000,46.33000000,10620.09768000,1602140399999,492217.00261270,982,4900.32944000,227116.85604320
2020-10-08 03:00:00,46.31000000,46.31000000,45.45000000,45.89000000,40386.81239000,1602143999999,1850498.30462460,4100,18249.79381000,836106.47942390
2020-10-08 04:00:00,45.88000000,46.09000000,45.75000000,45.83000000,16365.65236000,1602147599999,751657.80012840,1451,8143.28376000,373954.61093040
2020-10-08 05:00:00,45.82000000,46.09000000,45.68000000,45.91000000,24720.16446000,1602151199999,1134455.21685640,1634,11577.73216000,531366.37138920
2020-10-08 06:00:00,45.92000000,46.25000000,45.84000000,46.03000000,17822.09536000,1602154799999,821076.27902300,1514,8629.26157000,397529.87228150
2020-10-08 07:00:00,46.02000000,46.02000000,45.81000000,45.91000000,10338.33612000,1602158399999,474707.85003240,913,4221.80324000,193838.75389290
2020-10-08 08:00:00,45.90000000,46.33000000,45.82000000,46.33000000,15489.39120000,1602161999999,715214.65875380,1507,7815.53593000,360784.68562680
2020-10-08 09:00:00,46.33000000,46.84000000,46.12000000,46.69000000,36881.88437000,1602165599999,1717426.12417150,3773,19645.93445000,914723.07722750
2020-10-08 10:00:00,46.69000000,47.31000000,46.58000000,47.21000000,56330.64317000,1602169199999,2647268.68668550,5506,28846.11763000,1355074.88176000
2020-10-08 11:00:00,47.23000000,47.44000000,47.02000000,47.18000000,33507.26304000,1602172799999,1581643.73303160,3476,17260.95191000,814787.75360610
2020-10-08 12:00:00,47.19000000,47.47000000,47.08000000,47.18000000,21449.73522000,1602176399999,1013623.13181010,2105,11332.08136000,535471.65579570
2020-10-08 13:00:00,47.17000000,47.50000000,47.16000000,47.25000000,14711.29179000,1602179999999,695640.65106890,1682,6981.68770000,330151.35733770
2020-10-08 14:00:00,47.26000000,47.29000000,46.94000000,47.12000000,14837.33474000,1602183599999,698408.29465870,1598,6620.34040000,311650.00501810
2020-10-08 15:00:00,47.12000000,47.27000000,47.11000000,47.13000000,10852.68478000,1602187199999,511906.40411060,1205,5550.61215000,261792.87648260
2020-10-08 16:00:00,47.14000000,47.35000000,47.03000000,47.27000000,11563.56850000,1602190799999,545895.32194900,1399,6326.13766000,298635.61093090
2020-10-08 17:00:00,47.27000000,47.30000000,47.04000000,47.14000000,5063.77452000,1602194399999,239118.74306630,799,2377.78981000,112280.53831980
2020-10-08 18:00:00,47.15000000,47.32000000,47.14000000,47.19000000,8004.19123000,1602197999999,377962.08782520,1011,4295.81966000,202841.39871640
2020-10-08 19:00:00,47.20000000,47.25000000,47.04000000,47.21000000,9758.25299000,1602201599999,460179.04968700,1110,5181.57486000,244330.40121900
2020-10-08 20:00:00,47.21000000,47.29000000,46.65000000,46.80000000,32714.93752000,1602205199999,1533361.21170550,2801,16202.39782000,759751.44331600
2020-10-08 21:00:00,46.80000000,46.95000000,46.70000000,46.94000000,33280.89687000,1602208799999,1558725.12704290,2877,14901.03686000,697787.18245070
2020-10-08 22:00:00,46.94000000,47.04000000,46.93000000,47.02000000,9203.07328000,1602212399999,432408.70063990,881,3443.42963000,161791.97705800
2020-10-08 23:00:00,47.02000000,47.15000000,46.90000000,46.94000000,8351.02210000,1602215999999,392609.07537800,954,4439.45587000,208694.29129460
2020-10-09 00:00:00,46.94000000,46.96000000,46.83000000,46.83000000,6064.31278000,1602219599999,284427.03629660,795,3457.26852000,162143.77085300
2020-10-09 01:00:00,46.84000000,46.96000000,46.71000000,46.72000000,9207.17329000,1602223199999,431292.74291720,1125,6217.70954000,291272.38902460
2020-10-09 02:00:00,46.72000000,46.86000000,46.59000000,46.78000000,10053.34920000,1602226799999,469585.24097200,1254,4994.66883000,233330.66712710
2020-10-09 03:00:00,46.77000000,46.96000000,46.77000000,46.88000000,10104.20813000,1602230399999,473727.46263190,1088,3458.72764000,162186.04835420
2020-10-09 04:00:00,46.87000000,47.14000000,46.81000000,47.07000000,15755.13655000,1602233999999,740294.26767500,1599,7901.91474000,371195.81262810
2020-10-09 05:00:00,47.06000000,47.06000000,46.80000000,46.89000000,10449.14612000,1602237599999,490347.92447310,1115,5451.31037000,255767.89667780
2020-10-09 06:00:00,46.91000000,47.69000000,46.81000000,47.39000000,38122.90201000,1602241199999,1804099.94548830,3752,21841.65069000,1033996.29715710
2020-10-09 07:00:00,47.38000000,47.86000000,47.35000000,47.50000000,40318.76813000,1602244799999,1919037.90473970,4118,21345.61831000,1016049.80131320
2020-10-09 08:00:00,47.52000000,47.73000000,47.50000000,47.64000000,19368.79918000,1602248399999,922020.09483680,1829,9348.23324000,444977.03216440
2020-10-09 09:00:00,47.64000000,47.78000000,47.55000000,47.61000000,13658.09090000,1602251999999,650626.19547190,1514,6047.59944000,288113.89323490
2020-10-09 10:00:00,47.63000000,47.91000000,47.44000000,47.88000000,18463.44628000,1602255599999,880060.18770210,1901,9348.07570000,445438.81019340
2020-10-09 11:00:00,47.89000000,48.20000000,47.82000000,48.14000000,27559.14411000,1602259199999,1322074.92835320,2668,17172.41319000,823680.56081820
2020-10-09 12:00:00,48.16000000,48.20000000,47.66000000,47.68000000,30088.81849000,1602262799999,1439531.87290550,2459,11991.57967000,573795.98128450
2020-10-09 13:00:00,47.68000000,47.82000000,47.67000000,47.78000000,8834.52687000,1602266399999,421870.05865560,843,5225.69900000,249551.68300880
2020-10-09 14:00:00,47.78000000,47.81000000,47.59000000,47.74000000,11122.93491000,1602269999999,530504.78370090,1344,5696.52023000,271652.18661770
2020-10-09 15:00:00,47.73000000,47.74000000,47.56000000,47.63000000,10258.36944000,1602273599999,488799.92508990,1131,5714.22272000,272293.84352850
2020-10-09 16:00:00,47.64000000,47.82000000,47.53000000,47.58000000,20647.16818000,1602277199999,984194.55719630,1705,9410.56183000,448577.47351830
2020-10-09 17:00:00,47.58000000,47.89000000,47.57000000,47.89000000,7602.96905000,1602280799999,362623.34874710,943,5095.75537000,243053.67797850
2020-10-09 18:00:00,47.88000000,47.94000000,47.84000000,47.90000000,3935.49083000,1602284399999,188448.41050420,495,2088.28957000,99986.29971690
2020-10-09 19:00:00,47.89000000,47.93000000,47.72000000,47.78000000,7350.20746000,1602287999999,351522.15764320,783,3273.60369000,156576.20691050
2020-10-09 20:00:00,47.78000000,48.00000000,47.76000000,47.96000000,14531.84696000,1602291599999,696524.10280080,1021,10833.34267000,519425.47389770
2020-10-09 21:00:00,47.95000000,48.04000000,47.76000000,47.99000000,9738.66459000,1602295199999,466266.09354870,992,5711.11547000,273504.74440160
2020-10-09 22:00:00,47.99000000,49.33000000,47.93000000,48.95000000,60816.74109000,1602298799999,2960633.74877440,7829,32315.96079000,1573590.39065360
2020-10-09 23:00:00,48.97000000,50.46000000,48.89000000,49.92000000,66086.84149000,1602302399999,3292500.12453180,8236,37209.28989000,1852981.92394020
2020-10-10 00:00:00,49.92000000,50.08000000,49.68000000,49.86000000,13295.65981000,1602305999999,663351.04587430,1689,7529.35930000,375792.78689230
2020-10-10 01:00:00,49.85000000,49.85000000,49.53000000,49.55000000,5475.30315000,1602309599999,271959.58444150,1048,2339.99329000,116251.20279510
2020-10-10 02:00:00,49.56000000,49.68000000,49.50000000,49.50000000,14064.80709000,1602313199999,697762.13469920,1223,5826.58118000,289123.65500830
2020-10-10 03:00:00,49.51000000,49.76000000,49.51000000,49.73000000,8173.06529000,1602316799999,405808.56413880,926,3399.19505000,168761.34438750
2020-10-10 04:00:00,49.73000000,49.76000000,49.50000000,49.62000000,7914.33349000,1602320399999,392814.39049420,1001,2923.11925000,145127.73800790
2020-10-10 05:00:00,49.62000000,49.81000000,49.24000000,49.32000000,12215.67143000,1602323999999,604355.38143600,1755,5190.67924000,256761.65022140
2020-10-10 06:00:00,49.32000000,49.36000000,48.70000000,49.07000000,27844.64191000,1602327599999,1364176.89413350,3261,16078.21288000,787986.95273860
2020-10-10 07:00:00,49.07000000,49.24000000,48.94000000,49.21000000,6013.75209000,1602331199999,295096.02216200,878,3001.07744000,147269.69046140
2020-10-10 08:00:00,49.22000000,49.37000000,48.96000000,49.33000000,11769.66691000,1602334799999,578653.98586790,1055,6012.56880000,295791.92073570
2020-10-10 09:00:00,49.35000000,50.38000000,49.23000000,49.93000000,38478.21113000,1602338399999,1917863.53914350,4808,21935.12795000,1092753.31273700
2020-10-10 10:00:00,49.93000000,50.06000000,49.40000000,49.62000000,22181.52308000,1602341999999,1102035.56534690,1989,10965.43440000,544789.14810890
2020-10-10 11:00:00,49.63000000,49.88000000,49.44000000,49.50000000,13509.94091000,1602345599999,671105.49930890,1458,5808.46390000,288662.77970050
2020-10-10 12:00:00,49.50000000,49.63000000,49.22000000,49.41000000,8474.91103000,1602349199999,418492.95597030,1158,3867.97832000,191064.38893060
2020-10-10 13:00:00,49.40000000,49.60000000,49.24000000,49.29000000,9859.25891000,1602352799999,487530.89529950,906,4971.69430000,245926.26110630
2020-10-10 14:00:00,49.28000000,49.40000000,49.14000000,49.32000000,8811.74614000,1602356399999,434138.43074190,1200,4493.66667000,221410.73627420
2020-10-10 15:00:00,49.31000000,49.34000000,49.17000000,49.17000000,7685.90796000,1602359999999,378568.52954090,932,3509.36300000,172828.50945710
2020-10-10 16:00:00,49.18000000,49.29000000,49.14000000,49.23000000,4742.82484000,1602363599999,233372.21193080,834,2311.43438000,113740.48575230
2020-10-10 17:00:00,49.22000000,49.46000000,48.99000000,49.44000000,17429.45392000,1602367199999,858954.75724160,1594,10219.16832000,503561.97572480
2020-10-10 18:00:00,49.43000000,49.43000000,49.23000000,49.23000000,9266.99196000,1602370799999,457169.42547130,655,3055.35010000,150605.48702800
2020-10-10 19:00:00,49.22000000,49.22000000,48.41000000,48.88000000,27781.97359000,1602374399999,1355488.77920290,3083,12583.89382000,613941.43000630
2020-10-10 20:00:00,48.89000000,49.04000000,48.66000000,48.81000000,7971.37251000,1602377999999,389530.26716250,951,3408.27587000,166525.41767400
2020-10-10 21:00:00,48.83000000,49.31000000,48.82000000,49.20000000,13793.58041000,1602381599999,677617.18656260,1442,7967.81482000,391477.43874960
2020-10-10 22:00:00,49.20000000,49.23000000,49.04000000,49.21000000,7918.37499000,1602385199999,389107.67014780,957,4826.30119000,237121.84602410
2020-10-10 23:00:00,49.21000000,49.27000000,49.10000000,49.14000000,4177.23841000,1602388799999,205443.22537040,642,1971.79516000,96976.74651650
2020-10-11 00:00:00,49.17000000,49.24000000,48.96000000,49.11000000,4815.42290000,1602392399999,236601.24767480,612,2900.09567000,142525.14329320
2020-10-11 01:00:00,49.11000000,49.82000000,49.09000000,49.72000000,15834.34152000,1602395999999,783513.10976100,1719,9982.42892000,494089.86676530
2020-10-11 02:00:00,49.71000000,49.86000000,49.58000000,49.72000000,9389.99965000,1602399599999,466882.82392760,1058,5195.22892000,258405.51327320
2020-10-11 03:00:00,49.73000000,49.78000000,49.55000000,49.67000000,4184.29651000,1602403199999,207886.53547380,589,1943.62785000,96570.71455780
2020-10-11 04:00:00,49.66000000,49.82000000,49.55000000,49.68000000,5189.42573000,1602406799999,257859.17201640,581,2256.14965000,112113.62639470
2020-10-11 05:00:00,49.68000000,49.71000000,49.40000000,49.54000000,9444.12481000,1602410399999,467864.19187830,1094,4997.31675000,247573.19213110
2020-10-11 06:00:00,49.55000000,50.86000000,49.53000000,50.60000000,43521.82961000,1602413999999,2189489.83164780,5237,22955.60294000,1155397.26565710
2020-10-11 07:00:00,50.60000000,50.72000000,50.14000000,50.21000000,20014.75561000,1602417599999,1008169.60631470,1800,9702.56705000,488587.86258150
2020-10-11 08:00:00,50.21000000,50.27000000,49.70000000,49.71000000,19408.03194000,1602421199999,969752.23014540,2189,8949.50250000,447245.54701970
2020-10-11 09:00:00,49.70000000,49.96000000,49.57000000,49.89000000,12045.57329000,1602424799999,599937.71029960,1471,6155.24683000,306706.54625250
2020-10-11 10:00:00,49.88000000,50.93000000,49.84000000,50.60000000,44134.50854000,1602428399999,2224641.66000810,4884,23847.99914000,1202004.58157040
2020-10-11 11:00:00,50.59000000,51.13000000,50.53000000,50.72000000,36548.57812000,1602431999999,1858439.72449210,3381,18661.74852000,949182.35567520
2020-10-11 12:00:00,50.73000000,51.27000000,50.48000000,50.48000000,37665.62205000,1602435599999,1918653.82435380,3877,18342.10322000,934910.79118280
2020-10-11 13:00:00,50.47000000,50.94000000,50.47000000,50.78000000,12833.20331000,1602439199999,651410.32317070,1432,7938.04983000,402887.57546570
2020-10-11 14:00:00,50.79000000,50.93000000,50.65000000,50.80000000,5683.72549000,1602442799999,288787.80699950,722,2465.44320000,125296.02461880
2020-10-11 15:00:00,50.80000000,50.83000000,50.23000000,50.35000000,22248.76024000,1602446399999,1122690.59959980,2655,9970.69216000,503169.45968370
2020-10-11 16:00:00,50.35000000,50.54000000,50.35000000,50.40000000,10193.69806000,1602449999999,514250.76449250,1199,4907.75819000,247575.45907440
2020-10-11 17:00:00,50.38000000,50.62000000,49.90000000,50.55000000,21281.01361000,1602453599999,1067610.77760900,2660,10015.12695000,502435.39745550
2020-10-11 18:00:00,50.58000000,50.62000000,50.30000000,50.47000000,9862.70556000,1602457199999,498011.13992040,958,4380.16722000,221170.90457990
2020-10-11 19:00:00,50.49000000,50.81000000,50.41000000,50.48000000,15169.44895000,1602460799999,767411.04521940,1409,7548.26412000,381883.50657840
2020-10-11 20:00:00,50.48000000,50.50000000,50.01000000,50.25000000,21782.24367000,1602464399999,1094708.56950620,2184,9692.71573000,487055.72738010
2020-10-11 21:00:00,50.26000000,50.35000000,50.03000000,50.34000000,17523.72604000,1602467999999,879822.64450140,1763,7420.22524000,372610.98131850
2020-10-11 22:00:00,50.34000000,50.34000000,49.98000000,50.16000000,13033.41262000,1602471599999,653467.10906710,1190,5956.23527000,298619.29373580
2020-10-11 23:00:00,50.17000000,50.26000000,50.03000000,50.04000000,7849.14236000,1602475199999,393688.97368710,809,3769.43197000,189046.23978560
2020-10-12 00:00:00,50.04000000,50.08000000,49.69000000,50.04000000,20136.35937000,1602478799999,1004978.04190670,2054,9719.47558000,485068.65345210
2020-10-12 01:00:00,50.05000000,50.40000000,49.99000000,50.21000000,12646.22682000,1602482399999,635437.25854580,1507,5592.58552000,280898.18395940
2020-10-12 02:00:00,50.24000000,50.24000000,49.82000000,49.85000000,8562.48342000,1602485999999,428222.31600270,866,3805.93270000,190363.88237460
2020-10-12 03:00:00,49.84000000,50.81000000,49.75000000,50.44000000,36725.14794000,1602489599999,1851164.76904280,3088,19281.73601000,971811.62853390
2020-10-12 04:00:00,50.44000000,50.63000000,50.30000000,50.40000000,12720.60411000,1602493199999,642136.42707570,1396,6187.96511000,312415.07556800
2020-10-12 05:00:00,50.38000000,50.42000000,49.89000000,50.30000000,20754.13253000,1602496799999,1041643.73416540,2008,12099.18929000,607307.86532540
2020-10-12 06:00:00,50.30000000,50.34000000,49.24000000,49.74000000,49565.13973000,1602500399999,2465421.68608310,4852,22228.14019000,1105500.57940020
2020-10-12 07:00:00,49.74000000,49.83000000,49.40000000,49.54000000,20205.75853000,1602503999999,1002036.11374920,2004,9471.00505000,469667.40517040
2020-10-12 08:00:00,49.52000000,50.20000000,49.48000000,50.13000000,24082.32233000,1602507599999,1199891.74754780,2086,11861.37447000,590903.88588030
2020-10-12 09:00:00,50.13000000,51.35000000,49.92000000,51.03000000,87047.40836000,1602511199999,4417656.00523520,7405,47853.81682000,2427336.63403480
2020-10-12 10:00:00,51.02000000,51.03000000,50.62000000,50.66000000,39353.96946000,1602514799999,1999894.30534760,3927,22068.14906000,1121705.17133260
2020-10-12 11:00:00,50.64000000,51.10000000,50.64000000,50.98000000,33790.08846000,1602518399999,1719718.68020380,2891,18474.04464000,940213.88706470
2020-10-12 12:00:00,51.00000000,51.38000000,50.85000000,51.14000000,38098.76602000,1602521999999,1947521.15216310,3176,17063.54195000,872222.99282460
2020-10-12 13:00:00,51.13000000,51.31000000,50.90000000,51.19000000,24379.95282000,1602525599999,1246170.03575550,2415,10449.72821000,534014.32229750
2020-10-12 14:00:00,51.20000000,51.28000000,51.05000000,51.19000000,22902.97929000,1602529199999,1172061.59370310,1796,9041.63416000,462707.20545220
2020-10-12 15:00:00,51.20000000,51.34000000,50.98000000,51.07000000,11973.50537000,1602532799999,612864.42250480,1265,5098.04702000,260869.07719550
2020-10-12 16:00:00,51.08000000,51.28000000,50.98000000,51.04000000,16896.26148000,1602536399999,863616.21373020,1324,7271.12443000,371697.48195200
2020-10-12 17:00:00,51.04000000,51.50000000,51.01000000,51.44000000,19600.53093000,1602539999999,1004604.51641630,2428,12263.57981000,628435.27482990
2020-10-12 18:00:00,51.44000000,51.50000000,51.12000000,51.27000000,16463.77484000,1602543599999,844491.41600700,1604,7131.52769000,365874.49333100
2020-10-12 19:00:00,51.26000000,51.26000000,50.25000000,50.58000000,46056.77208000,1602547199999,2332095.53298410,4657,19858.02016000,1005180.42571990
2020-10-12 20:00:00,50.58000000,50.71000000,50.04000000,50.32000000,42356.42344000,1602550799999,2130252.75828400,4015,20821.55606000,1047379.71877120
2020-10-12 21:00:00,50.31000000,50.37000000,50.08000000,50.29000000,25853.33665000,1602554399999,1299157.82930840,2750,14273.88757000,717445.97000450
2020-10-12 22:00:00,50.29000000,50.30000000,50.04000000,50.21000000,11987.36370000,1602557999999,601292.96650940,1207,6576.71887000,329907.09471120
2020-10-12 23:00:00,50.21000000,50.23000000,49.87000000,50.00000000,19193.98416000,1602561599999,961085.24245310,1896,8429.62069000,422170.83036690
2020-10-13 00:00:00,50.04000000,50.52000000,49.99000000,50.22000000,17486.39506000,1602565199999,879446.24724840,1645,9252.00540000,465336.84555540
2020-10-13 01:00:00,50.22000000,50.43000000,50.16000000,50.31000000,14702.67939000,1602568799999,739757.97190630,1320,6079.53026000,305896.42140150
2020-10-13 02:00:00,50.31000000,50.33000000,50.04000000,50.15000000,22458.98773000,1602572399999,1126840.80132310,1437,11084.52831000,556189.42427160
2020-10-13 03:00:00,50.15000000,50.15000000,49.70000000,50.00000000,23137.97689000,1602575999999,1154873.38758400,2196,12068.62666000,602362.48742840
2020-10-13 04:00:00,50.01000000,50.27000000,49.97000000,50.27000000,13825.95517000,1602579599999,692983.60068990,1220,7083.40303000,355058.36076160
2020-10-13 05:00:00,50.25000000,50.25000000,49.99000000,50.06000000,12297.55095000,1602583199999,616568.84579610,1156,4754.54287000,238349.58234630
2020-10-13 06:00:00,50.06000000,50.48000000,49.57000000,50.23000000,40799.65122000,1602586799999,2043698.53040990,3363,18240.33825000,913738.30898070
2020-10-13 07:00:00,50.22000000,50.29000000,50.04000000,50.22000000,14655.40690000,1602590399999,735191.30049160,1267,7140.20820000,358200.94881610
2020-10-13 08:00:00,50.21000000,50.28000000,49.96000000,50.02000000,12530.48770000,1602593999999,628179.85721160,1233,5626.57724000,282104.04835770
2020-10-13 09:00:00,50.01000000,50.01000000,49.29000000,49.47000000,36834.07423000,1602597599999,1827430.20526290,4043,18151.70720000,900643.21416830
2020-10-13 10:00:00,49.48000000,49.73000000,48.80000000,49.65000000,54265.11860000,1602601199999,2675875.82535980,4968,25524.57492000,1258800.74149310
2020-10-13 11:00:00,49.67000000,49.95000000,49.62000000,49.72000000,20806.32413000,1602604799999,1035750.03719020,1736,10011.14996000,498177.74347730
2020-10-13 12:00:00,49.73000000,49.91000000,49.49000000,49.90000000,13109.27438000,1602608399999,651701.05747280,1432,6295.19489000,313029.13405640
2020-10-13 13:00:00,49.89000000,49.98000000,49.47000000,49.54000000,15922.24826000,1602611999999,792565.07346880,1596,9621.93020000,479044.39681650
2020-10-13 14:00:00,49.52000000,49.83000000,49.42000000,49.53000000,12585.12629000,1602615599999,624610.79467230,1223,6325.50399000,313869.57930580
2020-10-13 15:00:00,49.53000000,49.84000000,49.47000000,49.64000000,11315.99840000,1602619199999,562505.22869530,977,5730.08529000,284814.09436770
2020-10-13 16:00:00,49.64000000,49.80000000,49.60000000,49.76000000,6811.14440000,1602622799999,338578.47393620,599,4171.08922000,207340.38338290
2020-10-13 17:00:00,49.75000000,50.10000000,49.75000000,49.99000000,11124.26874000,1602626399999,555333.06043910,1197,7680.95445000,383386.41186090
2020-10-13 18:00:00,50.02000000,50.05000000,49.83000000,49.97000000,7376.24248000,1602629999999,368452.80475620,738,3570.70097000,178352.45819620
2020-10-13 19:00:00,49.96000000,50.01000000,49.80000000,49.89000000,7009.03335000,1602633599999,349859.91288830,746,3066.29135000,153067.64842230
2020-10-13 20:00:00,49.90000000,50.26000000,49.81000000,50.16000000,13307.52754000,1602637199999,667048.17482420,1375,7167.87003000,359306.40021400
2020-10-13 21:00:00,50.17000000,50.22000000,49.95000000,49.99000000,9225.11239000,1602640799999,461679.30176870,913,3525.07474000,176456.78521710
2020-10-13 22:00:00,50.00000000,50.02000000,49.85000000,49.94000000,8417.97352000,1602644399999,420267.03021850,682,3961.92848000,197770.81371050
2020-10-13 23:00:00,49.95000000,50.21000000,49.90000000,49.94000000,9956.57891000,1602647999999,498409.07053870,859,4543.69284000,227469.11557840
2020-10-14 00:00:00,49.92000000,49.99000000,49.65000000,49.87000000,8512.47459000,1602651599999,424087.34020390,983,4390.82851000,218777.83294000
2020-10-14 01:00:00,49.88000000,50.66000000,49.73000000,50.46000000,31891.26811000,1602655199999,1605332.08088930,3146,17182.75031000,864715.74846650
2020-10-14 02:00:00,50.45000000,50.53000000,50.40000000,50.45000000,1037.25152000,1602658799999,52343.21995850,96,454.79243000,22948.71268290
